{"train_time": 6.662238121032715, "test_auc": 0.6736982252508305, "test_time": 0.29256463050842285}