{"train_time": 42.4494194984436, "test_auc": 0.7158353725803784, "test_time": 0.07174348831176758}